n,total,fail_pct,config_p50,config_p99,config_max,peratom_p99,bias,over_floor_pct,over_sep_max
3,4000,0.0,6.845601751650524e-06,1.8939024779129906e-05,6.355506394713765e-05,2.8332434318135756e-05,1.789324720047311e-10,0.0,
5,4000,0.0,8.554938716934096e-06,4.0118035708444344e-05,0.00019465617381671019,0.00010158624980354775,-2.311615920978612e-10,0.0,
8,4000,0.0,9.90666705791077e-06,7.214549116430533e-05,0.0003201075718162651,0.0002762246346692132,1.1803497626571064e-11,0.0,
10,4000,0.0,1.0519293843236763e-05,0.00012412205690974458,0.0007422391346212676,0.0005303681977861728,1.3579284109920667e-10,0.0,
