rtol,atol,pe_stop,sims,fail_pct,steps_median,steps_p99,dP_p50,dP_p99,dP_max,over_floor_pct
0.001,1e-07,1e-05,4000,0.0,20.0,24.0,6.447294222227568e-05,0.0018243125576127097,0.008751318381673853,0.0
0.0001,1e-07,1e-05,4000,0.0,25.0,31.0,1.0519293843236763e-05,0.00012412205690974458,0.0007422391346212676,0.0
1e-05,1e-07,1e-05,4000,0.0,32.0,40.0,2.2715138985236214e-06,1.026777705657113e-05,3.798299017552769e-05,0.0
